Token,PostingList,
report,01.txt 04.txt ,
could,01.txt 02.txt 03.txt 05.txt 08.txt 17.txt 22.txt 24.txt ,
caused,01.txt 20.txt ,
burst,01.txt ,
merate,01.txt ,
high-energy,01.txt ,
collision,01.txt ,
actually,01.txt 20.txt 23.txt ,
high-speed,01.txt ,
sister,01.txt ,
crash,01.txt ,
merge,01.txt ,
space,01.txt ,
experiment,01.txt ,
11-11-17,01.txt ,
august,01.txt ,
picked,01.txt ,
merger,01.txt ,
gamma-ray,01.txt ,
made,01.txt 02.txt 12.txt ,
show,01.txt 04.txt 06.txt 25.txt ,
smashed,01.txt ,
wreckage,01.txt ,
tease,01.txt ,
using,01.txt 21.txt 23.txt ,
seen,01.txt 04.txt 10.txt 21.txt ,
extra,01.txt ,
institute,01.txt 13.txt ,
telescope,01.txt ,
one,01.txt 04.txt 10.txt 13.txt 18.txt 19.txt 25.txt ,
object,01.txt 03.txt ,
italy,01.txt ,
say,01.txt 05.txt 21.txt 23.txt 24.txt ,
produced,01.txt ,
involved,01.txt 18.txt ,
ray,01.txt ,
21,01.txt 04.txt ,
astrophysics,01.txt ,
dense,01.txt ,
extreme,01.txt 20.txt ,
p.,01.txt 03.txt 05.txt ,
gamma,01.txt ,
directly,01.txt 18.txt ,
around,01.txt 04.txt 05.txt 10.txt 12.txt 18.txt ,
ripple,01.txt 03.txt ,
ultradense,01.txt ,
neutron,01.txt ,
core,01.txt ,
time,01.txt 03.txt 04.txt 14.txt 22.txt 24.txt ,
provided,01.txt ,
detail,01.txt 22.txt ,
electron,01.txt ,
debris,01.txt ,
wa,01.txt 12.txt 15.txt 18.txt 22.txt ,
world,01.txt 07.txt 08.txt 18.txt 23.txt 25.txt ,
detection,01.txt ,
black,01.txt ,
observed,01.txt ,
researcher,01.txt 02.txt 03.txt 04.txt ,
dead,01.txt ,
coauthor,01.txt ,
virgo,01.txt ,
let,01.txt 03.txt ,
giancarlo,01.txt ,
escape,01.txt ,
among,01.txt ,
astrophysicist,01.txt ,
process,01.txt 02.txt ,
first,01.txt 07.txt 15.txt 16.txt ,
detected,01.txt ,
sn,01.txt 03.txt 05.txt ,
origin,01.txt ,
aftermath,01.txt ,
flash,01.txt ,
chance,01.txt 06.txt 13.txt ,
ghirlanda,01.txt ,
subatomic,01.txt ,
idea,01.txt ,
crashing,01.txt ,
study,01.txt 21.txt ,
charged,01.txt ,
moving,01.txt ,
colliding,01.txt ,
grbs,01.txt ,
field,01.txt ,
energy,01.txt 02.txt 17.txt 21.txt 24.txt ,
checked,01.txt ,
6,01.txt ,
ha,01.txt 08.txt 09.txt 11.txt 12.txt 14.txt 15.txt 17.txt 20.txt 21.txt 24.txt ,
network,01.txt 02.txt 08.txt 11.txt ,
observable,01.txt ,
pair,01.txt 10.txt 23.txt ,
launch,01.txt ,
producing,01.txt ,
work,01.txt 05.txt 10.txt 25.txt ,
according,01.txt 20.txt 21.txt ,
glowed,01.txt ,
shot,01.txt 06.txt ,
afar,01.txt ,
observatory,01.txt 03.txt ,
laser,01.txt 03.txt ,
called,01.txt 04.txt 12.txt ,
bright,01.txt ,
combination,01.txt ,
light,01.txt 03.txt 20.txt ,
magnetic,01.txt ,
another,01.txt 18.txt 24.txt ,
long,01.txt 04.txt 16.txt 22.txt ,
thought,01.txt 23.txt ,
february,01.txt 03.txt 04.txt 05.txt ,
shed,01.txt ,
wavelength,01.txt ,
2017,01.txt ,
ever,01.txt 05.txt 22.txt ,
online,01.txt ,
consensus,01.txt ,
2017,01.txt ,
site,01.txt 16.txt ,
wave,01.txt 03.txt ,
every,01.txt 03.txt ,
gravitational-wave,01.txt 03.txt ,
new,01.txt 04.txt 05.txt 06.txt 07.txt 11.txt 16.txt 17.txt 21.txt 23.txt 25.txt ,
mysterious,01.txt ,
spacetime,01.txt 03.txt ,
emit,01.txt ,
part,01.txt 11.txt 25.txt ,
close,01.txt 06.txt 23.txt ,
star,01.txt ,
advanced,01.txt 03.txt ,
short,01.txt 14.txt 24.txt ,
think,01.txt 10.txt 19.txt ,
astronomer,01.txt ,
theory,01.txt ,
jet,01.txt 14.txt ,
speed,01.txt 07.txt ,
interferometer,01.txt 03.txt ,
scientist,01.txt 03.txt 05.txt 15.txt 16.txt ,
possibly,01.txt ,
science,01.txt 03.txt 05.txt 17.txt ,
proton,01.txt ,
ligo,01.txt 03.txt ,
hole,01.txt 24.txt ,
observation,01.txt 05.txt ,
previous,01.txt ,
national,01.txt 13.txt 15.txt 16.txt 17.txt ,
gravitational,01.txt 03.txt ,
light-speed,01.txt ,
radio,01.txt ,
emerging,01.txt ,
stream,01.txt ,
particle,01.txt ,
test,01.txt 11.txt 13.txt 14.txt ,
silver,02.txt ,
pathway,02.txt ,
used,02.txt 10.txt 13.txt 21.txt 24.txt ,
connected,02.txt 13.txt ,
make,02.txt 12.txt ,
became,02.txt 04.txt ,
random,02.txt ,
restricted,02.txt ,
college,02.txt ,
chip,02.txt ,
brain,02.txt 18.txt ,
university,02.txt 04.txt 05.txt ,
resistor,02.txt ,
paving,02.txt ,
ireland,02.txt ,
ai,02.txt 05.txt ,
least,02.txt ,
nanowires,02.txt ,
artificial,02.txt 05.txt ,
stored,02.txt ,
similar,02.txt ,
gradually,02.txt ,
store,02.txt 09.txt 10.txt ,
brain-inspired,02.txt ,
computer,02.txt 05.txt ,
computing,02.txt ,
winner-takes-all,02.txt ,
junction,02.txt ,
data,02.txt 05.txt 13.txt 21.txt ,
memristors,02.txt ,
processing,02.txt ,
simultaneously,02.txt ,
emerged,02.txt ,
promising,02.txt ,
team,02.txt 04.txt ,
solution,02.txt 11.txt 24.txt ,
tweaked,02.txt ,
create,02.txt ,
storing,02.txt ,
amount,02.txt ,
included,02.txt ,
way,02.txt 22.txt ,
intelligence,02.txt 05.txt ,
nanowire,02.txt ,
large,02.txt 05.txt 18.txt ,
neuron,02.txt ,
single,02.txt 03.txt ,
increasing,02.txt 07.txt ,
improvement,02.txt ,
low-energy,02.txt ,
metal,02.txt ,
take,02.txt 08.txt 10.txt 20.txt ,
connectivity,02.txt ,
level,02.txt 21.txt ,
natural,02.txt 09.txt 10.txt ,
winner,02.txt ,
providing,02.txt 25.txt ,
required,02.txt ,
seemingly,02.txt 12.txt ,
memory,02.txt ,
synapsis,02.txt ,
cork,02.txt ,
going,03.txt 13.txt 17.txt ,
2024,03.txt ,
seek,03.txt ,
event,03.txt ,
arm,03.txt ,
revved,03.txt ,
improve,03.txt 11.txt ,
11,03.txt ,
livingston,03.txt ,
technique,03.txt ,
forth,03.txt ,
machine,03.txt 05.txt ,
advancement,03.txt 05.txt ,
whether,03.txt 08.txt ,
association,03.txt 05.txt ,
conference,03.txt 05.txt ,
wrangle,03.txt ,
meeting,03.txt 05.txt 21.txt ,
heisenberg,03.txt ,
day,03.txt 09.txt ,
monitor,03.txt ,
wash.,03.txt ,
position,03.txt ,
35,03.txt ,
rule,03.txt ,
detector,03.txt ,
finessing,03.txt ,
uncertainty,03.txt ,
give-and-take,03.txt ,
week,03.txt 25.txt ,
said,03.txt 05.txt 08.txt 25.txt ,
4-kilometer-long,03.txt ,
tally,03.txt ,
certain,03.txt 05.txt ,
determine,03.txt 14.txt ,
arranged,03.txt ,
l,03.txt ,
washington,03.txt 05.txt ,
03-05-16,03.txt ,
getting,03.txt 23.txt ,
american,03.txt 04.txt 05.txt 25.txt ,
14,03.txt ,
brightness,03.txt ,
plus,03.txt 07.txt ,
detect,03.txt ,
meet,03.txt 11.txt 23.txt ,
momentum,03.txt ,
planned,03.txt ,
upgrade,03.txt ,
annual,03.txt 05.txt ,
announced,03.txt 07.txt 25.txt ,
relies,03.txt ,
within,03.txt 04.txt 15.txt ,
property,03.txt ,
located,03.txt ,
revamp,03.txt ,
impossible,03.txt ,
current,03.txt ,
two,03.txt 07.txt 23.txt ,
quantum,03.txt ,
average,03.txt ,
la.,03.txt ,
beam,03.txt ,
starting,03.txt 13.txt ,
surpassed,03.txt ,
precisely,03.txt ,
back,03.txt 23.txt ,
known,03.txt 18.txt ,
recombine,03.txt ,
state,03.txt 04.txt 08.txt 21.txt 22.txt 25.txt ,
catch,03.txt ,
principle,03.txt ,
news,03.txt 05.txt 07.txt ,
passing,03.txt ,
22,03.txt ,
hanford,03.txt ,
million,03.txt 04.txt 13.txt 25.txt ,
measure,03.txt 20.txt ,
translates,03.txt ,
bounce,03.txt ,
ability,03.txt ,
teeth,04.txt ,
searching,04.txt ,
sized,04.txt ,
period,04.txt ,
lindsay,04.txt ,
ago,04.txt 15.txt ,
gap,04.txt 06.txt ,
later,04.txt ,
chain,04.txt ,
titanic,04.txt ,
animal,04.txt 15.txt ,
hip,04.txt ,
mule,04.txt ,
beginning,04.txt ,
jurassic,04.txt ,
larger,04.txt 05.txt 10.txt 24.txt ,
north,04.txt ,
150,04.txt 15.txt ,
size,04.txt 10.txt ,
dug,04.txt ,
dinosaur,04.txt ,
top,04.txt ,
78,04.txt ,
topped,04.txt ,
humble,04.txt ,
evolution,04.txt 16.txt ,
leg,04.txt ,
ancestor,04.txt ,
fast,04.txt ,
yet,04.txt 07.txt 09.txt ,
96,04.txt ,
america,04.txt ,
leading,04.txt ,
moro,04.txt ,
doom,04.txt ,
analysis,04.txt ,
smallest,04.txt 10.txt ,
oldest,04.txt ,
late,04.txt ,
raleigh,04.txt ,
specie,04.txt 16.txt ,
discovered,04.txt 15.txt ,
fill,04.txt ,
characteristic,04.txt ,
deer,04.txt ,
like,04.txt 05.txt 10.txt 13.txt 15.txt 18.txt 19.txt 23.txt 24.txt 25.txt ,
become,04.txt 10.txt ,
fossilized,04.txt 15.txt ,
early,04.txt ,
communication,04.txt 13.txt 25.txt ,
would,04.txt 12.txt 14.txt 17.txt 23.txt ,
weighed,04.txt ,
mystery,04.txt 15.txt ,
colossal,04.txt ,
70-million-year,04.txt ,
food,04.txt 09.txt ,
swift,04.txt ,
1.2,04.txt ,
t.,04.txt ,
carolina,04.txt ,
paleontologist,04.txt ,
m.,04.txt ,
discovery,04.txt 05.txt 12.txt 16.txt ,
tyrannosaur,04.txt ,
solve,04.txt ,
rock,04.txt ,
intrepidus,04.txt ,
giant,04.txt 12.txt 22.txt 24.txt ,
cretaceous,04.txt ,
deer-sized,04.txt ,
predator,04.txt ,
harbinger,04.txt ,
found,04.txt 09.txt 22.txt ,
county,04.txt ,
tyrannosaurus,04.txt ,
dubbed,04.txt ,
dating,04.txt ,
quite,04.txt 10.txt 18.txt ,
kilogram,04.txt ,
colleague,04.txt ,
meter,04.txt ,
year,04.txt 07.txt 15.txt 16.txt 17.txt 21.txt ,
petite,04.txt ,
record,04.txt ,
indicative,04.txt ,
zanno,04.txt ,
runner,04.txt ,
rex,04.txt ,
estimated,04.txt 25.txt ,
70,04.txt ,
stood,04.txt ,
allosaur,04.txt ,
creature,04.txt 15.txt ,
10,04.txt ,
emery,04.txt ,
fossil,04.txt ,
utah,04.txt ,
even,04.txt 06.txt 10.txt 11.txt 14.txt 18.txt 21.txt 22.txt 23.txt ,
unlike,04.txt ,
next,04.txt 13.txt 25.txt ,
ferocious,04.txt ,
biology,04.txt ,
thin,04.txt ,
help,04.txt 11.txt 12.txt 17.txt 22.txt ,
clue,04.txt ,
autonomous,05.txt ,
identify,05.txt ,
aftershock,05.txt ,
making,05.txt 11.txt ,
genetic,05.txt ,
judgment,05.txt ,
quicker,05.txt ,
genevera,05.txt ,
data-probing,05.txt ,
always,05.txt 20.txt ,
unknown,05.txt 16.txt ,
learn,05.txt ,
uncover,05.txt ,
moon,05.txt ,
potential,05.txt 21.txt ,
gauge,05.txt ,
allen,05.txt ,
25,05.txt 25.txt ,
better,05.txt 16.txt ,
blindly,05.txt ,
program,05.txt 14.txt ,
trove,05.txt ,
warns,05.txt ,
lead,05.txt 21.txt ,
medical,05.txt ,
12/22/18,05.txt ,
warned,05.txt ,
algorithm,05.txt ,
entrusted,05.txt ,
relationship,05.txt ,
use,05.txt 08.txt 10.txt 13.txt 22.txt 24.txt ,
trusting,05.txt ,
area,05.txt 21.txt ,
following,05.txt ,
easily,05.txt ,
much,05.txt 06.txt 16.txt 18.txt 23.txt 24.txt ,
stockpile,05.txt ,
information,05.txt 13.txt ,
pattern,05.txt ,
golden,05.txt ,
trust,05.txt ,
poke,05.txt ,
datasets,05.txt ,
studying,05.txt ,
crater,05.txt ,
live,05.txt ,
hard,05.txt ,
deferring,05.txt ,
15,05.txt ,
rather,05.txt ,
verify,05.txt ,
counting,05.txt ,
previously,05.txt ,
pore,05.txt ,
argues,05.txt ,
insight,05.txt ,
human,05.txt ,
age,05.txt ,
instruction,05.txt 22.txt ,
namely,05.txt ,
earthquake,05.txt ,
result,05.txt ,
conclusion,05.txt ,
faulty,05.txt ,
reliable,05.txt ,
people,05.txt 09.txt 13.txt 16.txt 21.txt 25.txt ,
astronomical,05.txt ,
explicit,05.txt ,
check,05.txt ,
image,05.txt ,
predicting,05.txt ,
rice,05.txt ,
scientific,05.txt 15.txt 24.txt ,
houston,05.txt ,
feature,05.txt 12.txt 18.txt 22.txt 25.txt ,
exploratory,05.txt ,
various,05.txt 06.txt 22.txt 23.txt ,
decision,05.txt ,
may,05.txt 25.txt ,
system,05.txt 18.txt 24.txt ,
learning,05.txt ,
complete,06.txt ,
mostly,06.txt ,
closed,06.txt 18.txt ,
get,06.txt 20.txt 23.txt ,
see,06.txt 10.txt 15.txt ,
software,06.txt ,
footage,06.txt ,
also,06.txt 10.txt 11.txt 25.txt ,
4-minute,06.txt ,
mode,06.txt 25.txt ,
foldable,06.txt ,
samsung,06.txt 07.txt ,
hear,06.txt ,
via,06.txt ,
look,06.txt 23.txt 25.txt ,
display,06.txt ,
apps,06.txt ,
google,06.txt 12.txt 21.txt ,
phone,06.txt ,
netflix,06.txt ,
closer,06.txt ,
beep,06.txt ,
offering,06.txt ,
different,06.txt ,
hinge,06.txt ,
lot,06.txt 10.txt 23.txt ,
instagram,06.txt ,
clearly,06.txt ,
folding,06.txt ,
variety,06.txt ,
allowing,06.txt ,
video,06.txt 09.txt 24.txt ,
offer,06.txt ,
camera,06.txt 13.txt ,
tablet,06.txt ,
including,06.txt ,
bloops,06.txt ,
usb-c,06.txt ,
color,06.txt 21.txt ,
b-roll,06.txt ,
click,06.txt ,
map,06.txt 21.txt ,
mobile,06.txt 07.txt 08.txt ,
slight,06.txt ,
fold,06.txt ,
silent,06.txt ,
shown,06.txt ,
experience,06.txt 23.txt 25.txt ,
game,06.txt ,
galaxy,06.txt 07.txt ,
dex,06.txt ,
variation,06.txt ,
desktop-like,06.txt ,
selection,06.txt ,
change,06.txt 17.txt 21.txt ,
device,06.txt 10.txt 12.txt 13.txt 22.txt ,
connect,06.txt ,
anyone,07.txt 09.txt ,
s10,07.txt ,
march,07.txt ,
western,07.txt ,
microsd,07.txt ,
announcement,07.txt ,
doubled,07.txt ,
card,07.txt ,
160mb/s,07.txt ,
versus,07.txt ,
100mb/s,07.txt ,
line,07.txt ,
premium,07.txt ,
5mb/s,07.txt ,
good,07.txt 10.txt ,
thinking,07.txt ,
write,07.txt ,
available,07.txt ,
storage,07.txt ,
today,07.txt ,
capacity,07.txt ,
1-terabyte,07.txt ,
inexorable,07.txt ,
looking,07.txt ,
thing,07.txt 13.txt 20.txt ,
considering,07.txt ,
competitively,07.txt ,
quarter,07.txt ,
high,07.txt 09.txt ,
congress,07.txt ,
released,07.txt ,
spokesperson,07.txt 12.txt ,
priced,07.txt ,
april,07.txt ,
95mb/s,07.txt ,
1tb,07.txt ,
199.99,07.txt ,
sandisk,07.txt ,
faster,07.txt ,
512gb,07.txt ,
pretty,07.txt ,
digital,07.txt ,
microsdxc,07.txt ,
launched,07.txt ,
pricing,07.txt ,
however,07.txt 12.txt ,
micron,07.txt ,
uhs-i,07.txt ,
u,07.txt 12.txt 18.txt ,
read,07.txt ,
convenience,07.txt ,
advantage,07.txt ,
tell,07.txt 12.txt 18.txt ,
449.99,07.txt ,
citing,07.txt ,
second,07.txt ,
brand,07.txt ,
sell,07.txt ,
performance,07.txt 11.txt ,
claiming,07.txt ,
product,07.txt 19.txt ,
continues,07.txt ,
max,07.txt ,
monday,08.txt ,
need,08.txt 10.txt 12.txt 17.txt 21.txt 23.txt 24.txt ,
group,08.txt ,
told,08.txt 12.txt ,
united,08.txt 21.txt ,
fear,08.txt ,
vehicle,08.txt 24.txt 25.txt ,
huawei,08.txt ,
intense,08.txt ,
operation,08.txt 14.txt ,
technology,08.txt 13.txt 23.txt ,
ally,08.txt ,
sweden,08.txt ,
ericsson,08.txt ,
european,08.txt ,
chinese,08.txt ,
u.s.,08.txt 19.txt ,
nokia,08.txt 11.txt ,
company,08.txt 11.txt 12.txt 20.txt ,
view,08.txt ,
largest,08.txt ,
europe,08.txt ,
gear,08.txt 23.txt ,
barcelona,08.txt ,
evidence,08.txt ,
finland,08.txt ,
scrutiny,08.txt ,
head,08.txt 25.txt ,
supplier,08.txt ,
share,08.txt ,
authority,08.txt ,
bos,08.txt ,
reuters,08.txt ,
spy,08.txt ,
ahead,08.txt ,
vodafone,08.txt ,
common,08.txt 10.txt 11.txt ,
suffering,09.txt ,
surgery,09.txt ,
prescribing,09.txt ,
got,09.txt ,
grocery,09.txt ,
without,09.txt 23.txt ,
drug,09.txt ,
lower,09.txt ,
100,09.txt ,
pressure,09.txt ,
local,09.txt 16.txt ,
naturally,09.txt ,
normalize,09.txt ,
plaque,09.txt ,
artery,09.txt ,
cholesterol,09.txt ,
thanks,09.txt ,
treatment,09.txt ,
strength,09.txt ,
might,09.txt 10.txt 22.txt ,
care,09.txt ,
must,09.txt 17.txt ,
13,969,09.txt 
pill,09.txt ,
blood,09.txt ,
heart,09.txt ,
stop,09.txt ,
powerful,09.txt ,
destroy,09.txt ,
life,09.txt 24.txt ,
watch,09.txt ,
shop,09.txt ,
–,09.txt ,
28,09.txt ,
health,09.txt ,
stunned,09.txt ,
ingredient,09.txt ,
transform,09.txt ,
3,09.txt ,
doctor,09.txt ,
disease,09.txt ,
attention,09.txt 17.txt ,
know,09.txt 22.txt ,
surprising,09.txt ,
fight,09.txt 16.txt 20.txt ,
haert,09.txt ,
pod,10.txt 25.txt ,
hearing,10.txt ,
pairing,10.txt ,
security,10.txt 12.txt 13.txt 18.txt 22.txt 25.txt ,
come,10.txt 17.txt 20.txt ,
box,10.txt ,
5,10.txt ,
though,10.txt 15.txt ,
paired,10.txt 23.txt ,
echoweek,10.txt ,
wireless,10.txt 22.txt ,
enough,10.txt 14.txt ,
smaller,10.txt ,
almost,10.txt 17.txt ,
stunning,10.txt ,
walking,10.txt ,
stay,10.txt ,
pose,10.txt ,
soon,10.txt ,
unit,10.txt ,
issue,10.txt ,
design,10.txt ,
left-right,10.txt ,
dock,10.txt ,
inside,10.txt ,
charging,10.txt ,
point,10.txt ,
sound,10.txt ,
affordable,10.txt ,
bluetooth,10.txt ,
source,10.txt ,
reecho,10.txt ,
ear,10.txt ,
fully,10.txt ,
us,10.txt 22.txt ,
review,10.txt ,
small,10.txt 22.txt ,
sure,10.txt 23.txt ,
standard,10.txt ,
progression,10.txt ,
separately,10.txt ,
service,10.txt 11.txt ,
earpods,10.txt ,
fact,10.txt 12.txt 15.txt ,
sheer,10.txt 25.txt ,
decent,10.txt ,
profile,10.txt ,
setting,10.txt 20.txt ,
bit,10.txt ,
latest,10.txt ,
india,11.txt ,
enables,11.txt ,
fronthaul,11.txt ,
airtel,11.txt ,
support,11.txt ,
platform,11.txt ,
claim,11.txt ,
's,11.txt 12.txt 13.txt 16.txt 17.txt 18.txt 20.txt 21.txt 22.txt 24.txt 25.txt ,
trail,11.txt ,
existing,11.txt ,
5g,11.txt ,
partner,11.txt ,
future,11.txt 23.txt ,
ready,11.txt 14.txt ,
homogenous,11.txt ,
telecom,11.txt ,
partnered,11.txt ,
strategy,11.txt ,
4g,11.txt ,
allow,11.txt ,
bandwidth,11.txt ,
enterprise,11.txt ,
growing,11.txt ,
demand,11.txt ,
bharti,11.txt ,
deliver,11.txt ,
homogeneous,11.txt ,
provider,11.txt ,
prepares,11.txt ,
failed,12.txt ,
turn,12.txt ,
secure,12.txt 22.txt ,
name,12.txt ,
notified,12.txt ,
accident,12.txt ,
nest,12.txt ,
control,12.txt 22.txt ,
month,12.txt 13.txt 25.txt ,
credence,12.txt ,
'',12.txt 24.txt ,
mic,12.txt ,
meant,12.txt ,
sparking,12.txt ,
hidden,12.txt 22.txt ,
``,12.txt 24.txt ,
user,12.txt ,
suggests,12.txt ,
n't,12.txt 22.txt 24.txt ,
came,12.txt 16.txt ,
secret,12.txt 18.txt ,
tech,12.txt ,
big,12.txt 24.txt ,
call,12.txt ,
voice,12.txt ,
completely,12.txt 22.txt ,
insists,12.txt ,
real,12.txt ,
privacy,12.txt 13.txt ,
component,12.txt ,
paranoia,12.txt ,
plethora,12.txt ,
earlier,12.txt 25.txt ,
intended,12.txt ,
fuel,12.txt 19.txt ,
notify,12.txt ,
safer,12.txt ,
eavesdropping,12.txt ,
equipped,12.txt 24.txt ,
oversight,12.txt ,
assistant,12.txt 21.txt ,
keypad,12.txt ,
microphone,12.txt ,
insider,12.txt ,
alarm,12.txt ,
business,12.txt 25.txt ,
motion-sensor,12.txt ,
everyone,12.txt ,
concern,12.txt 13.txt ,
home,12.txt 21.txt ,
oogle,12.txt ,
doe,12.txt ,
voice-control,12.txt ,
mention,12.txt ,
us—that,12.txt ,
per,12.txt ,
never,12.txt 19.txt ,
spec,12.txt ,
on-device,12.txt ,
scheme,12.txt ,
existence,12.txt ,
advertising,12.txt ,
compatible,12.txt ,
forgot,12.txt ,
embedded,12.txt ,
guard,12.txt 18.txt ,
error,12.txt ,
unsurprising,12.txt ,
function,12.txt ,
'error',12.txt ,
listed,12.txt ,
sort,12.txt ,
lends,12.txt ,
microphone-equipped,12.txt ,
japan,13.txt ,
dumbest,13.txt ,
password,13.txt ,
thermostat,13.txt ,
country,13.txt 18.txt ,
instead,13.txt 15.txt ,
trying,13.txt 18.txt ,
travel,13.txt ,
list,13.txt ,
tend,13.txt 22.txt 24.txt ,
iot,13.txt 14.txt ,
gain,13.txt ,
find,13.txt ,
200,13.txt ,
bought,13.txt ,
probe,13.txt ,
government,13.txt 18.txt ,
extremely,13.txt 16.txt 22.txt ,
appliance,13.txt ,
hacking,13.txt 22.txt ,
access,13.txt ,
vulnerable,13.txt ,
hackable,13.txt 22.txt ,
anyway,13.txt ,
bet,13.txt ,
default,13.txt ,
commonly,13.txt ,
employee,13.txt ,
start,13.txt 14.txt ,
best,13.txt ,
number,13.txt ,
buy,13.txt ,
poor,13.txt ,
wi-fi,13.txt ,
hack,13.txt ,
internet,13.txt ,
electronics,13.txt ,
citizen,13.txt ,
smart,13.txt 23.txt ,
carrier,14.txt ,
term,14.txt ,
joint,14.txt ,
capability,14.txt ,
operational,14.txt ,
2019,14.txt ,
evaluation,14.txt ,
f-35,14.txt ,
mission,14.txt ,
f-35s,14.txt ,
pace,14.txt ,
highly,14.txt ,
prove,14.txt ,
keep,14.txt 18.txt ,
simulated,14.txt ,
enter,14.txt ,
problem,14.txt 24.txt ,
cancel,14.txt ,
increasingly,14.txt ,
operating,14.txt 18.txt ,
november,14.txt ,
indeed,14.txt ,
worth,14.txt ,
bad,14.txt ,
faced,14.txt ,
put,14.txt ,
fighter,14.txt ,
strike,14.txt ,
combat,14.txt 17.txt ,
e,14.txt ,
july,14.txt ,
expensive,14.txt ,
action,14.txt ,
prime,14.txt ,
showing,14.txt ,
complicated,14.txt ,
set,14.txt ,
mass,14.txt ,
conclude,14.txt ,
initial,14.txt ,
testing,14.txt ,
pentagon-mandated,14.txt ,
production,14.txt ,
gamut,14.txt ,
mature,14.txt ,
past,14.txt ,
overcome,14.txt ,
2018,14.txt ,
customer,14.txt ,
worldwide,14.txt 18.txt ,
plane,14.txt ,
cover,14.txt ,
designed,14.txt 20.txt 22.txt ,
pivotal,14.txt ,
weather,14.txt ,
many,14.txt 21.txt 22.txt ,
several,14.txt 21.txt ,
round,14.txt ,
anticipated,14.txt ,
assure,14.txt ,
decade,14.txt ,
cold,14.txt 20.txt ,
minor,15.txt ,
solved,15.txt ,
laboratoire,15.txt ,
half,15.txt ,
placed,15.txt ,
stylophoran,15.txt ,
millennia-old,15.txt ,
body,15.txt ,
echinoderm—from,15.txt ,
appropriate,15.txt ,
stylophorans,15.txt ,
french,15.txt ,
confusing,15.txt ,
calcite,15.txt ,
vertebrate,15.txt ,
tiny,15.txt ,
research,15.txt ,
center,15.txt ,
plate,15.txt ,
resembled,15.txt ,
g,15.txt ,
ologie,15.txt ,
picture,15.txt ,
spine,15.txt ,
reminiscent,15.txt ,
starfish,15.txt ,
finally,15.txt ,
appendage,15.txt ,
salamander,15.txt ,
hybrid,15.txt ,
modern,15.txt ,
tail,15.txt ,
old,15.txt ,
appeared,15.txt ,
since,15.txt 22.txt 24.txt ,
weird,15.txt 19.txt ,
struggle,15.txt ,
lyon,15.txt ,
composed,15.txt ,
gnawed,15.txt ,
question,15.txt 17.txt ,
century,15.txt 16.txt 18.txt 23.txt ,
ancient,15.txt 22.txt ,
france,15.txt ,
family,15.txt ,
de,15.txt ,
exactly,15.txt ,
primitive,15.txt ,
bertrand,15.txt ,
lefebvre,15.txt ,
150-year,15.txt ,
cnrs,15.txt ,
invasive,16.txt ,
waste,16.txt 19.txt ,
community,16.txt 17.txt 21.txt ,
tortoise,16.txt ,
17th,16.txt ,
historic,16.txt ,
weapon,16.txt ,
whaler,16.txt ,
drone,16.txt 24.txt ,
timeline,16.txt ,
darwin,16.txt ,
birth,16.txt ,
park,16.txt ,
poison,16.txt ,
gal,16.txt ,
pagos,16.txt ,
've,16.txt 19.txt ,
creating,16.txt 23.txt ,
along,16.txt ,
damage,16.txt 20.txt ,
pick,16.txt ,
re-invaded,16.txt ,
distribution,16.txt ,
fauna,16.txt ,
organized,16.txt ,
living,16.txt ,
island,16.txt ,
flying,16.txt 24.txt ,
unparalleled,16.txt ,
trap,16.txt ,
exact,16.txt ,
done,16.txt ,
sometime,16.txt ,
curbed,16.txt ,
dropping,16.txt ,
visitor,16.txt ,
rat,16.txt ,
laid,16.txt ,
ecuador,16.txt ,
proved,16.txt ,
effective,16.txt ,
're,16.txt ,
18th,16.txt ,
pirate,16.txt ,
success,16.txt ,
helpful,16.txt ,
remains,16.txt ,
charles,16.txt ,
practically,16.txt ,
recently,16.txt 17.txt ,
chagrin,16.txt ,
built,16.txt 24.txt ,
hope,16.txt ,
le,16.txt 22.txt ,
industry,17.txt ,
critically,17.txt ,
whatever,17.txt ,
succeeded,17.txt ,
devastating,17.txt ,
cutting-edge,17.txt ,
strain,17.txt ,
innovation,17.txt ,
focusing,17.txt ,
certainly,17.txt ,
foundation,17.txt ,
rep.,17.txt ,
developing,17.txt ,
succeed,17.txt ,
five,17.txt ,
important,17.txt 20.txt ,
climate,17.txt 21.txt ,
technological,17.txt ,
changing,17.txt ,
battle,17.txt 18.txt ,
sen.,17.txt ,
ambitious,17.txt ,
proposed,17.txt ,
deal,17.txt ,
blueprint,17.txt ,
ocasio-cortez,17.txt ,
serious,17.txt 23.txt ,
goal,17.txt 21.txt ,
reaching,17.txt ,
adopted,17.txt ,
plan,17.txt ,
preventing,17.txt ,
markey,17.txt ,
5,17.txt 19.txt ,
green,17.txt ,
form,17.txt ,
ed,17.txt ,
require,17.txt ,
guessed,18.txt ,
extends,18.txt ,
changed—and,18.txt ,
whose,18.txt ,
admits,18.txt ,
lost,18.txt 23.txt ,
outlaw,18.txt ,
forbidden,18.txt ,
spending,18.txt ,
one-up,18.txt ,
keen,18.txt ,
total,18.txt ,
services—the,18.txt ,
land,18.txt ,
wit,18.txt ,
entire,18.txt ,
inspector,18.txt ,
uncle,18.txt ,
1925,18.txt ,
bureau—are,18.txt ,
document,18.txt ,
collect,18.txt 21.txt ,
mail,18.txt ,
post,18.txt ,
nearly,18.txt ,
ceaselessly,18.txt ,
money,18.txt ,
value,18.txt ,
department,18.txt 25.txt ,
guarding,18.txt ,
sea,18.txt ,
assisting,18.txt ,
brought,18.txt ,
custom,18.txt ,
side,18.txt ,
border,18.txt ,
rewind,18.txt ,
vigilance,18.txt ,
agent,18.txt ,
motor,18.txt ,
three,18.txt 23.txt ,
smuggler,18.txt ,
competing,18.txt ,
fleet,18.txt ,
january,18.txt ,
lawman,18.txt ,
frontier,18.txt ,
office,18.txt ,
prohibition,18.txt ,
activity,18.txt ,
exercise,18.txt 23.txt ,
thousand,18.txt ,
rm,18.txt ,
jfk,18.txt ,
annually,18.txt ,
sam,18.txt ,
army,18.txt ,
article,18.txt ,
airplane,18.txt ,
mechanic,18.txt 25.txt ,
force,18.txt ,
merchandise,18.txt ,
enlisted,18.txt ,
justice,18.txt ,
contraband,18.txt ,
hasn't—over,18.txt ,
coast,18.txt ,
fought,18.txt ,
popular,18.txt 25.txt ,
sum,18.txt ,
constant,18.txt ,
purpose,18.txt 24.txt ,
others,18.txt ,
revenue,18.txt ,
vast,18.txt ,
men,18.txt ,
navy,18.txt ,
toll,18.txt ,
plant,19.txt ,
something,19.txt 20.txt ,
probably,19.txt ,
easiest,19.txt ,
across,19.txt ,
bark,19.txt ,
likely,19.txt ,
hickory,19.txt ,
pellet,19.txt ,
burned,19.txt ,
boiler,19.txt ,
sweep,19.txt ,
industrial,19.txt 22.txt ,
kiln,19.txt ,
manufacturing,19.txt ,
lumber,19.txt ,
seems,19.txt ,
sawmill,19.txt ,
blend,19.txt ,
fuel—even,19.txt ,
furnace,19.txt ,
stuff,19.txt ,
canada,19.txt ,
heard,19.txt ,
charcoal,19.txt ,
warm,19.txt ,
fueling,19.txt ,
grill,19.txt ,
pleasant,19.txt ,
burning,19.txt 20.txt ,
shaving,19.txt ,
chips—the,19.txt ,
extruded,19.txt ,
vortex,19.txt ,
polar,19.txt ,
wood-processing,19.txt ,
understand,19.txt ,
sawdust,19.txt ,
fahrenheit,20.txt ,
series,20.txt ,
spell,20.txt ,
train,20.txt ,
-30,20.txt ,
observe,20.txt ,
metra,20.txt ,
arctic,20.txt ,
individual,20.txt ,
middle,20.txt ,
run,20.txt ,
heat,20.txt ,
gas,20.txt 24.txt ,
rogue,20.txt ,
wind,20.txt ,
case,20.txt ,
hand,20.txt ,
fire,20.txt ,
note,20.txt ,
rail,20.txt ,
worker,20.txt ,
vicious,20.txt ,
instance,20.txt ,
city,20.txt ,
specifically,20.txt ,
commuter,20.txt ,
underground,20.txt ,
degree,20.txt ,
flame,20.txt ,
taken,20.txt ,
manually,20.txt ,
prevent,20.txt ,
chicago,20.txt ,
prompted,20.txt ,
heated,20.txt ,
reached,20.txt ,
pipe,20.txt ,
organization,20.txt ,
track,20.txt ,
temperature,20.txt ,
lighting,20.txt ,
currently,20.txt ,
benefit,21.txt ,
controlling,21.txt ,
analyze,21.txt ,
ownership,21.txt ,
intergovernmental,21.txt ,
gaining,21.txt ,
deborah,21.txt ,
ethnicity,21.txt ,
professor,21.txt ,
skipping,21.txt ,
sunroof,21.txt ,
press,21.txt ,
given,21.txt 22.txt ,
income,21.txt ,
hispanic,21.txt ,
well,21.txt 25.txt ,
empowerment.,21.txt ,
protection,21.txt ,
tuft,21.txt ,
project,21.txt ,
mechanical,21.txt ,
african-american,21.txt ,
solar,21.txt ,
coming—but,21.txt ,
social,21.txt 23.txt ,
pv,21.txt ,
exist,21.txt ,
deploy,21.txt ,
regardless,21.txt ,
race,21.txt ,
growth,21.txt ,
last,21.txt ,
uneven,21.txt ,
photovoltaic,21.txt ,
fewer,21.txt ,
revolution,21.txt ,
broadly,21.txt ,
presented,21.txt ,
author,21.txt ,
statement,21.txt ,
substantive,21.txt ,
panel,21.txt ,
engineering,21.txt ,
resource,21.txt ,
crucial,21.txt ,
sunter,21.txt ,
neighborhood,21.txt ,
power,21.txt ,
trivial,22.txt ,
paper,22.txt ,
kind,22.txt ,
scene,22.txt ,
safety,22.txt 25.txt ,
vulnerability,22.txt ,
able,22.txt ,
end,22.txt ,
wanted,22.txt ,
nefarious,22.txt ,
proprietary,22.txt ,
shared,22.txt ,
cybersecurity,22.txt ,
trend,22.txt ,
range,22.txt ,
shutting,22.txt ,
expert,22.txt ,
command,22.txt ,
micro,22.txt ,
override,22.txt ,
useless,22.txt ,
main,22.txt 25.txt ,
covert,22.txt ,
dangerous,22.txt ,
commercial,22.txt ,
fairly,22.txt ,
possible,22.txt ,
standardized,22.txt ,
constantly,22.txt ,
remotely,22.txt ,
crane,22.txt ,
somewhere,22.txt ,
piece,22.txt ,
hardware,22.txt ,
updated,22.txt ,
protocol,22.txt ,
developed,22.txt ,
controlled,22.txt ,
obscurity,22.txt ,
severity,22.txt ,
engage,22.txt ,
upcoming,22.txt ,
attempt,22.txt ,
exploit,22.txt ,
susceptible,22.txt ,
render,22.txt ,
flashy,22.txt ,
relay,22.txt ,
give,22.txt ,
fabricated,22.txt ,
forbes,22.txt ,
lay,22.txt ,
hacker,22.txt ,
contain,22.txt ,
priority,22.txt ,
essentially,22.txt ,
widely,22.txt ,
higher,22.txt ,
disturbingly,22.txt ,
indoor,23.txt ,
unwilling,23.txt ,
bike,23.txt ,
cycling,23.txt ,
feeling,23.txt ,
partnership,23.txt 25.txt ,
bicycle,23.txt ,
app,23.txt ,
gaming,23.txt ,
subzero,23.txt ,
virtual,23.txt ,
sock,23.txt ,
zwift,23.txt ,
exploring,23.txt ,
none,23.txt ,
outside,23.txt ,
riding,23.txt ,
putting,23.txt ,
reality,23.txt ,
pm,23.txt ,
cyclist,23.txt ,
temp,23.txt ,
place,23.txt ,
feel,23.txt 25.txt ,
wanting,23.txt ,
setup,23.txt ,
aid,23.txt ,
training,23.txt ,
hanging,23.txt ,
realm,23.txt ,
move,23.txt 25.txt ,
friend,23.txt ,
winter,23.txt ,
trainer,23.txt ,
kickr,23.txt ,
neoprene,23.txt ,
stationary,23.txt ,
cheaper,23.txt ,
fitness,23.txt ,
biking,23.txt ,
undersell,23.txt ,
ascends,23.txt ,
approved,23.txt ,
medium,23.txt ,
wahoo,23.txt ,
workout,23.txt ,
equipment,23.txt ,
hour,24.txt ,
digging,24.txt ,
quad,24.txt ,
trip,24.txt ,
minute,24.txt ,
aircraft,24.txt ,
adding,24.txt ,
30,24.txt ,
already,24.txt ,
sand,24.txt ,
codirector,24.txt ,
heavy,24.txt ,
apparatus,24.txt ,
save,24.txt ,
multiple,24.txt ,
lab,24.txt ,
clay,24.txt ,
requires,24.txt ,
deployed,24.txt ,
top-shelf,24.txt ,
ol,24.txt ,
speaking,24.txt ,
strapping,24.txt ,
return,24.txt ,
quadcopter,24.txt ,
especially,24.txt ,
manned,24.txt ,
platinum,24.txt ,
battery,24.txt ,
powered,24.txt ,
sensor,24.txt ,
hitch,24.txt ,
easy,24.txt ,
unl,24.txt ,
ride,24.txt ,
topping,24.txt ,
detweiler,24.txt ,
pro,24.txt ,
nimbus,24.txt ,
landed,24.txt ,
dji,24.txt ,
ieee,24.txt ,
flight,24.txt ,
burrow,24.txt ,
spectrum,24.txt ,
mavic,24.txt ,
gingerly,24.txt ,
drilling,24.txt ,
uas,24.txt ,
beneath,24.txt ,
primarily,24.txt ,
dirt,24.txt ,
drill,24.txt ,
carrick,24.txt ,
parachute,24.txt ,
load,24.txt ,
allows,24.txt ,
exacerbates,24.txt ,
overall,25.txt ,
six,25.txt ,
held,25.txt ,
like—what,25.txt ,
exhibition,25.txt ,
boarding,25.txt ,
visit,25.txt ,
stressed,25.txt ,
simulation,25.txt ,
fair,25.txt ,
pavilion,25.txt ,
provide,25.txt ,
toward,25.txt ,
centerpiece,25.txt ,
ramp,25.txt ,
mobility,25.txt ,
theme,25.txt ,
demo,25.txt ,
—as,25.txt ,
interview,25.txt ,
usa,25.txt ,
2020,25.txt ,
ryan,25.txt ,
hyperloop,25.txt ,
hurtling,25.txt ,
pavilion—,25.txt ,
working,25.txt ,
station,25.txt ,
transportation,25.txt ,
marketing,25.txt ,
spirit,25.txt ,
kelly,25.txt ,
opportunity,25.txt ,
virgin,25.txt ,
public–private,25.txt ,
volume,25.txt ,
demonstration,25.txt ,
vho,25.txt ,
preview,25.txt ,
dubai,25.txt ,
experiential,25.txt ,
